k,k.specified,mcrps
5,5,95011.8099410408
5,4,78989.6339648798
6,6,410470.432747774
6,4,418205.790828729
6,5,415284.909830063
7,7,556708.891941283
7,4,580330.19450633
7,5,576006.217964448
7,6,568752.094559179
